# time,aif,3.2,1.8,0.2,1.1e-05
0.000000000000000000e+00 0.000000000000000000e+00 0.000000000000000000e+00 0.000000000000000000e+00 0.000000000000000000e+00 0.000000000000000000e+00
2.512562814070351536e-01 0.000000000000000000e+00 0.000000000000000000e+00 0.000000000000000000e+00 0.000000000000000000e+00 0.000000000000000000e+00
5.025125628140703071e-01 0.000000000000000000e+00 0.000000000000000000e+00 0.000000000000000000e+00 0.000000000000000000e+00 0.000000000000000000e+00
7.537688442211054607e-01 0.000000000000000000e+00 0.000000000000000000e+00 0.000000000000000000e+00 0.000000000000000000e+00 0.000000000000000000e+00
1.005025125628140614e+00 1.000000000000000000e+00 9.776898878870465825e-02 1.086505782806241882e-01 1.235499894879248384e-01 1.256277253620874390e-01
1.256281407035175768e+00 1.000000000000000000e+00 2.164022374018835793e-01 2.712400130118972075e-01 3.625425995886604746e-01 3.768833123398611096e-01
1.507537688442210921e+00 1.000000000000000000e+00 2.694937293906891074e-01 3.746774453478777245e-01 5.898222899302199007e-01 6.281382048936052787e-01
1.758793969849246075e+00 1.000000000000000000e+00 2.932535653097761985e-01 4.404830890291187573e-01 8.059631054139372308e-01 8.793924030252392443e-01
2.010050251256281229e+00 1.000000000000000000e+00 3.038867154013384364e-01 4.823478438137959179e-01 1.011510957260090215e+00 1.130645906736682083e+00
2.261306532663316382e+00 1.000000000000000000e+00 3.086453291078775640e-01 5.089816945769755074e-01 1.206985001826887283e+00 1.381898716029853258e+00
2.512562814070351536e+00 1.000000000000000000e+00 3.107749336195294587e-01 5.259258283745764651e-01 1.392878951854160885e+00 1.633150830906672013e+00
2.763819095477386689e+00 1.000000000000000000e+00 3.117279875246649068e-01 5.367054814072469426e-01 1.569662323443598906e+00 1.884402251369057479e+00
3.015075376884421843e+00 1.000000000000000000e+00 3.121545041577411528e-01 5.435633663184965547e-01 1.737781621925040154e+00 2.135652977418929233e+00
3.266331658291456996e+00 1.000000000000000000e+00 3.123453815439105608e-01 5.479262697731259735e-01 1.897661469603997952e+00 2.386903009058205960e+00
3.517587939698492150e+00 1.000000000000000000e+00 3.124308041833233629e-01 5.507018961945016056e-01 2.049705678238787687e+00 2.638152346288807237e+00
3.768844221105527303e+00 1.000000000000000000e+00 3.124690330561651908e-01 5.524677161607590703e-01 2.194298268956035525e+00 2.889400989112652418e+00
4.020100502512562457e+00 1.000000000000000000e+00 3.124861414799835480e-01 5.535911094709035085e-01 2.331804442180589021e+00 3.140648937531659968e+00
4.271356783919597611e+00 1.000000000000000000e+00 3.124937979486103190e-01 5.543057987106860818e-01 2.462571500029601346e+00 3.391896191547750128e+00
4.522613065326632764e+00 1.000000000000000000e+00 3.124972244192457671e-01 5.547604753629755692e-01 2.586929723500498213e+00 3.643142751162841364e+00
4.773869346733667918e+00 1.000000000000000000e+00 3.124987578547743228e-01 5.550497351511879396e-01 2.705193206668361050e+00 3.894388616378853030e+00
5.025125628140703071e+00 1.000000000000000000e+00 3.124994441074144813e-01 5.552337587307040190e-01 2.817660649999670142e+00 4.145633787197704478e+00
5.276381909547738225e+00 1.000000000000000000e+00 3.124997512234799490e-01 5.553508323067692931e-01 2.924616114786102727e+00 4.396878263621314176e+00
5.527638190954773378e+00 1.000000000000000000e+00 3.124998886659787756e-01 5.554253131002021560e-01 3.026329740603870277e+00 4.648122045651602363e+00
5.778894472361808532e+00 1.000000000000000000e+00 3.124999501751038467e-01 5.554726968803583853e-01 3.123058427610700960e+00 4.899365133290487506e+00
6.030150753768843686e+00 1.000000000000000000e+00 3.124999777020514569e-01 5.555028418683266578e-01 3.215046485403749266e+00 5.150607526539888958e+00
6.281407035175878839e+00 1.000000000000000000e+00 3.124999900210828629e-01 5.555220197451572473e-01 3.302526250077280956e+00 5.401849225401726073e+00
6.532663316582913993e+00 1.000000000000000000e+00 3.124999955341727365e-01 5.555342204784969873e-01 3.385718671038634220e+00 5.653090229877917317e+00
6.783919597989949146e+00 1.000000000000000000e+00 3.124999980014251388e-01 5.555419824375158466e-01 3.464833869064595007e+00 5.904330539970382929e+00
7.035175879396984300e+00 1.000000000000000000e+00 3.124999991055853465e-01 5.555469205019856194e-01 3.540071667007687495e+00 6.155570155681041378e+00
7.286432160804019453e+00 1.000000000000000000e+00 3.124999995997259639e-01 5.555500620388899025e-01 3.611622094492785706e+00 6.406809077011812015e+00
7.537688442211054607e+00 1.000000000000000000e+00 3.124999998208668472e-01 5.555520606466808342e-01 3.679665867878769703e+00 6.658047303964614194e+00
7.788944723618089760e+00 1.000000000000000000e+00 3.124999999198332379e-01 5.555533321367901456e-01 3.744374846697483328e+00 6.909284836541366381e+00
8.040201005025124914e+00 1.000000000000000000e+00 3.124999999641232540e-01 5.555541410434227112e-01 3.805912467722822434e+00 7.160521674743987930e+00
8.291457286432159179e+00 1.000000000000000000e+00 3.124999999839441767e-01 5.555546556600410302e-01 3.864434157766293065e+00 7.411757818574398193e+00
8.542713567839195221e+00 1.000000000000000000e+00 3.124999999928146366e-01 5.555549830529108446e-01 3.920087726241647363e+00 7.662993268034516525e+00
8.793969849246231263e+00 1.000000000000000000e+00 3.124999999967843500e-01 5.555551913362957173e-01 3.973013738490100089e+00 7.914228023126261391e+00
9.045226130653265528e+00 1.000000000000000000e+00 3.124999999985609289e-01 5.555553238436665708e-01 4.023345870809051483e+00 8.165462083851553032e+00
9.296482412060299794e+00 1.000000000000000000e+00 3.124999999993559596e-01 5.555554081432536595e-01 4.071211248081009870e+00 8.416695450212310803e+00
9.547738693467335835e+00 1.000000000000000000e+00 3.124999999997117861e-01 5.555554617736315759e-01 4.116730764855470959e+00 8.667928122210451392e+00
9.798994974874371877e+00 1.000000000000000000e+00 3.124999999998709921e-01 5.555554958926295361e-01 4.160019390694722929e+00 8.919160099847896817e+00
1.005025125628140614e+01 0.000000000000000000e+00 2.147310112112377212e-01 4.469049393180988261e-01 4.077636471066863777e+00 9.044763014036979243e+00
1.030150753768844041e+01 0.000000000000000000e+00 9.609776259809089949e-02 2.843155183959809595e-01 3.877793351346277451e+00 9.044738015982792589e+00
1.055276381909547645e+01 0.000000000000000000e+00 4.300627060929937406e-02 1.808780948452172188e-01 3.687744452562998099e+00 9.044713017997695559e+00
1.080402010050251249e+01 0.000000000000000000e+00 1.924643469021858691e-02 1.150724567530249653e-01 3.507009764377402750e+00 9.044688020081688151e+00
1.105527638190954676e+01 0.000000000000000000e+00 8.613284598659278965e-03 7.320770552403339793e-02 3.335132801539573144e+00 9.044663022234770366e+00
1.130653266331658102e+01 0.000000000000000000e+00 3.854670892121399902e-03 4.657385702293790480e-02 3.171679450935284361e+00 9.044638024456942205e+00
1.155778894472361706e+01 0.000000000000000000e+00 1.725066380470086785e-03 2.962972466444740993e-02 3.016236875137753071e+00 9.044613026748203666e+00
1.180904522613065311e+01 0.000000000000000000e+00 7.720124753349355638e-04 1.885007254732160020e-02 2.868412469695818867e+00 9.044588029108554750e+00
1.206030150753768737e+01 0.000000000000000000e+00 3.454958422587569048e-04 1.199218821853049489e-02 2.727832871524953795e+00 9.044563031537993680e+00
1.231155778894472164e+01 0.000000000000000000e+00 1.546184560894571112e-04 7.629285134454077619e-03 2.594143015896582138e+00 9.044538034036522234e+00
1.256281407035175768e+01 0.000000000000000000e+00 6.919581667666596767e-05 4.853658948819789508e-03 2.467005239643931258e+00 9.044513036604138634e+00
1.281407035175879372e+01 0.000000000000000000e+00 3.096694383483269216e-05 3.087839132538089653e-03 2.346098428319358220e+00 9.044488039240842880e+00
1.306532663316582799e+01 0.000000000000000000e+00 1.385852001647179157e-05 1.964445917806415497e-03 2.231117205149104610e+00 9.044463041946634974e+00
1.331658291457286225e+01 0.000000000000000000e+00 6.202051389744026159e-06 1.249756738724369957e-03 2.121771159737014578e+00 9.044438044721514913e+00
1.356783919597989829e+01 0.000000000000000000e+00 2.775580754316247809e-06 7.950801250517720896e-04 2.017784114569137088e+00 9.044413047565482699e+00
1.381909547738693433e+01 0.000000000000000000e+00 1.242145225766777825e-06 5.058203614069575619e-04 1.918893427466606516e+00 9.044388050478538332e+00
1.407035175879396860e+01 0.000000000000000000e+00 5.558925855411836869e-07 3.217967975205089496e-04 1.824849328224988021e+00 9.044363053460681812e+00
1.432160804020100286e+01 0.000000000000000000e+00 2.487765200473285059e-07 2.047232313986303983e-04 1.735414287764629693e+00 9.044338056511911361e+00
1.457286432160803891e+01 0.000000000000000000e+00 1.113340212419029545e-07 1.302424442916523821e-04 1.650362418198673353e+00 9.044313059632228757e+00
1.482412060301507495e+01 0.000000000000000000e+00 4.982489619010009842e-08 8.285866815981519408e-05 1.569478902303460544e+00 9.044288062821632224e+00
1.507537688442210921e+01 0.000000000000000000e+00 2.229794857548821883e-08 5.271368275187099172e-05 1.492559450950333488e+00 9.044263066080123536e+00
1.532663316582914348e+01 0.000000000000000000e+00 9.978917141706105288e-09 3.353580755009687143e-05 1.419409787128458111e+00 9.044238069407700920e+00
1.557788944723617952e+01 0.000000000000000000e+00 4.465827292762741679e-09 2.133507524661066784e-05 1.349845155255457785e+00 9.044213072804364373e+00
1.582914572864321556e+01 0.000000000000000000e+00 1.998574908036045968e-09 1.357311688703391315e-05 1.283689854536511410e+00 9.044188076270113896e+00
1.608040201005024983e+01 0.000000000000000000e+00 8.944147189714259833e-10 8.635052836682770533e-06 1.220776795193307507e+00 9.044163079804949490e+00
1.633165829145728409e+01 0.000000000000000000e+00 4.002740584283902293e-10 5.493516199181381097e-06 1.160947076442018444e+00 9.044138083408869377e+00
1.658291457286431836e+01 0.000000000000000000e+00 1.791331453433436785e-10 3.494908578030387495e-06 1.104049585154384117e+00 9.044113087081875335e+00
1.683417085427135618e+01 0.000000000000000000e+00 8.016678344479786981e-11 2.223418576723308760e-06 1.049940614188233257e+00 9.044088090823967363e+00
1.708542713567839044e+01 0.000000000000000000e+00 3.587673936929505053e-11 1.414512012816191126e-06 9.984834994234570438e-01 9.044063094635143685e+00
1.733668341708542471e+01 0.000000000000000000e+00 1.605578236351018001e-11 8.998954381994918495e-07 9.495482745866768992e-01 9.044038098515404300e+00
1.758793969849246253e+01 0.000000000000000000e+00 7.185383951726351063e-12 5.725025961992175086e-07 9.030113429928078306e-01 9.044013102464750986e+00
1.783919597989949679e+01 0.000000000000000000e+00 3.215647880919561261e-12 3.642192289702302569e-07 8.587551653744180946e-01 9.043988106483181966e+00
1.809045226130653106e+01 0.000000000000000000e+00 1.439086813388461507e-12 2.317118693126554037e-07 8.166679630104245469e-01 9.043963110570697239e+00
1.834170854271356532e+01 0.000000000000000000e+00 6.440291142437934907e-13 1.474122893845166014e-07 7.766434354043236787e-01 9.043938114727295030e+00
1.859296482412059959e+01 0.000000000000000000e+00 2.882199295656271420e-13 9.378191598921954563e-08 7.385804917988811891e-01 9.043913118952977115e+00
1.884422110552763741e+01 0.000000000000000000e+00 1.289859820954743259e-13 5.966292093644643067e-08 7.023829958491655256e-01 9.043888123247743493e+00
1.909547738693467167e+01 0.000000000000000000e+00 5.772461190386180733e-14 3.795682885256761781e-08 6.679595228090434711e-01 9.043863127611592390e+00
1.934673366834170594e+01 0.000000000000000000e+00 2.583327866577818704e-14 2.414767554001890840e-08 6.352231286178496861e-01 9.043838132044525580e+00
1.959798994974874375e+01 0.000000000000000000e+00 1.156107013305179509e-14 1.536245918358848484e-08 6.040911303040199520e-01 9.043813136546541287e+00
1.984924623115577802e+01 0.000000000000000000e+00 5.173882276058260805e-15 9.773410768928978102e-09 5.744848971510423397e-01 9.043788141117641288e+00
2.010050251256281229e+01 0.000000000000000000e+00 2.315448094201945447e-15 6.217725750592015732e-09 5.463296520982663385e-01 9.043763145757823807e+00
2.035175879396984655e+01 0.000000000000000000e+00 1.036223785328943571e-15 3.955641937457585278e-09 5.195542828749735165e-01 9.043738150467088843e+00
2.060301507537688082e+01 0.000000000000000000e+00 4.637373370494544239e-16 2.516531568778724444e-09 4.940911623906796279e-01 9.043713155245436397e+00
2.085427135678391863e+01 0.000000000000000000e+00 2.075346279620957579e-16 1.600986954024013577e-09 4.698759779280266002e-01 9.043688160092864692e+00
2.110552763819095290e+01 0.000000000000000000e+00 9.287719224292866337e-17 1.018528540931044003e-09 4.468475687068558799e-01 9.043663165009375504e+00
2.135678391959798716e+01 0.000000000000000000e+00 4.156498085950946448e-17 6.479755416392738177e-10 4.249477714091892677e-01 9.043638169994968834e+00
2.160804020100502498e+01 0.000000000000000000e+00 1.860141970412446068e-17 4.122342042363382234e-10 4.041212732749636660e-01 9.043613175049642905e+00
2.185929648241205925e+01 0.000000000000000000e+00 8.324623465568874331e-18 2.622584159773295620e-10 3.843154723974778753e-01 9.043588180173399493e+00
2.211055276381909351e+01 0.000000000000000000e+00 3.725487459870297419e-18 1.668456330021223422e-10 3.654803448656926967e-01 9.043563185366236823e+00
2.236180904522612778e+01 0.000000000000000000e+00 1.667253404440002998e-18 1.061451742097201373e-10 3.475683184178308682e-01 9.043538190628154894e+00
2.261306532663316204e+01 0.000000000000000000e+00 7.461396514037807157e-19 6.752827631915614771e-11 3.305341522871546034e-01 9.043513195959153705e+00
2.286432160804019986e+01 0.000000000000000000e+00 3.339170745816780634e-19 4.296067283875343770e-11 3.143348229364479329e-01 9.043488201359233258e+00
2.311557788944723413e+01 0.000000000000000000e+00 1.494366536980187380e-19 2.733106057728385213e-11 2.989294153926012609e-01 9.043463206828393552e+00
2.336683417085426839e+01 0.000000000000000000e+00 6.687682412298808017e-20 1.738769025063608285e-11 2.842790199068363499e-01 9.043438212366634588e+00
2.361809045226130621e+01 0.000000000000000000e+00 2.992913381087258534e-20 1.106183828458327419e-11 2.703466336795693481e-01 9.043413217973954588e+00
2.386934673366834048e+01 0.000000000000000000e+00 1.339407279600800588e-20 7.037407756317526814e-12 2.570970674016936353e-01 9.043388223650355329e+00
2.412060301507537474e+01 0.000000000000000000e+00 5.994199070324891107e-21 4.477113717861932775e-12 2.444968563762302538e-01 9.043363229395835035e+00
2.437185929648240901e+01 0.000000000000000000e+00 2.682561386809287738e-21 2.848285609807585333e-12 2.325141759958681276e-01 9.043338235210393705e+00
2.462311557788944327e+01 0.000000000000000000e+00 1.200516617745585061e-21 1.812044863339151912e-12 2.211187613629108373e-01 9.043313241094033117e+00
2.487437185929648109e+01 0.000000000000000000e+00 5.372626910124631109e-22 1.152801030713910914e-12 2.102818308486134047e-01 9.043288247046751493e+00
2.512562814070351536e+01 0.000000000000000000e+00 2.404391533505019991e-22 7.333980760090765232e-13 1.999760133988424116e-01 9.043263253068548835e+00
2.537688442211054962e+01 0.000000000000000000e+00 1.076028308516310901e-22 4.665789876685999856e-13 1.901752794024510196e-01 9.043238259159425141e+00
2.562814070351758744e+01 0.000000000000000000e+00 4.815509057464591297e-23 2.968319100569333212e-13 1.808548749477653095e-01 9.043213265319378635e+00
2.587939698492462171e+01 0.000000000000000000e+00 2.155066674267916394e-23 1.888408718710448958e-13 1.719912593011302948e-01 9.043188271548411095e+00
2.613065326633165597e+01 0.000000000000000000e+00 9.644488910971855067e-24 1.201382792105354334e-13 1.635620454496028719e-01 9.043163277846522519e+00
2.638190954773869024e+01 0.000000000000000000e+00 4.316161883272451171e-24 7.643052051530812990e-14 1.555459435576220795e-01 9.043138284213711131e+00
2.663316582914572450e+01 0.000000000000000000e+00 1.931595709692900572e-24 4.862417294993733929e-14 1.479227071948414629e-01 9.043113290649976932e+00
2.688442211055276232e+01 0.000000000000000000e+00 8.644397700104662240e-25 3.093411086467558047e-14 1.406730821993111558e-01 9.043088297155321698e+00
2.713567839195979658e+01 0.000000000000000000e+00 3.868594821504135897e-25 1.967990727519981495e-14 1.337787580468529358e-01 9.043063303729743652e+00
2.738693467336683085e+01 0.000000000000000000e+00 1.731297704267749653e-25 1.252011903800113906e-14 1.272223216037990101e-01 9.043038310373242794e+00
2.763819095477386867e+01 0.000000000000000000e+00 7.748011562599725577e-26 7.965148338033823328e-15 1.209872131462892408e-01 9.043013317085819125e+00
2.788944723618090293e+01 0.000000000000000000e+00 3.467438501547025733e-26 5.067331057661595447e-15 1.150576845350425453e-01 9.042988323867470868e+00
2.814070351758793720e+01 0.000000000000000000e+00 1.551769723737545278e-26 3.223774744448801049e-15 1.094187594399631536e-01 9.042963330718199799e+00
2.839195979899497146e+01 0.000000000000000000e+00 6.944576737075954231e-27 2.050926510363392145e-15 1.040561955141217076e-01 9.042938337638005919e+00
2.864321608040200573e+01 0.000000000000000000e+00 3.107880332977374381e-27 1.304774645981213446e-15 9.895644842157214072e-02 9.042913344626887451e+00
2.889447236180904355e+01 0.000000000000000000e+00 1.390858007593185297e-27 8.300818523691249510e-16 9.410663762814884536e-02 9.042888351684844395e+00
2.914572864321607781e+01 0.000000000000000000e+00 6.224454580054097453e-28 5.280880370835188406e-16 8.949451386884191284e-02 9.042863358811878527e+00
2.939698492462311208e+01 0.000000000000000000e+00 2.785606769896002674e-28 3.359632235240236955e-16 8.510842820958075539e-02 9.042838366007988071e+00
2.964824120603014990e+01 0.000000000000000000e+00 1.246632130846541505e-28 2.137357403208916567e-16 8.093730262528647801e-02 9.042813373273173028e+00
2.989949748743718416e+01 0.000000000000000000e+00 5.579005933120367754e-29 1.359760934882602470e-16 7.697060201988049910e-02 9.042788380607433396e+00
3.015075376884421843e+01 0.000000000000000000e+00 2.496751562199526026e-29 8.650634644710766186e-17 7.319830761757933901e-02 9.042763388010769177e+00
3.040201005025125269e+01 0.000000000000000000e+00 1.117361845116230859e-29 5.503429157032743684e-17 6.961089165827070990e-02 9.042738395483178593e+00
3.065326633165828696e+01 0.000000000000000000e+00 5.000487480707442232e-30 3.501215081947413385e-17 6.619929333305736574e-02 9.042713403024663421e+00
3.090452261306532478e+01 0.000000000000000000e+00 2.237849372967492683e-30 2.227430698256741260e-17 6.295489589918919215e-02 9.042688410635223661e+00
3.115577889447235904e+01 0.000000000000000000e+00 1.001496321191180477e-30 1.417064476020974910e-17 5.986950491658230011e-02 9.042663418314857537e+00
3.140703517587939331e+01 0.000000000000000000e+00 4.481958855119234174e-31 9.015192844258550248e-18 5.693532755095598308e-02 9.042638426063565049e+00
3.165829145728643113e+01 0.000000000000000000e+00 2.005794205523277621e-31 5.735356675327951519e-18 5.414495289131406736e-02 9.042613433881346197e+00
3.190954773869346539e+01 0.000000000000000000e+00 8.976455440494605139e-32 3.648764564606990716e-18 5.149133323205755397e-02 9.042588441768202756e+00
3.216080402010049966e+01 0.000000000000000000e+00 4.017199374357753801e-32 2.321299894948620190e-18 4.896776627245206376e-02 9.042563449724131175e+00
3.241206030150753747e+01 0.000000000000000000e+00 1.797802141426432097e-32 1.476782923885041030e-18 4.656787818849172228e-02 9.042538457749133229e+00
3.266331658291456819e+01 0.000000000000000000e+00 8.045636371319675399e-33 9.395114388383456571e-19 4.428560753440336645e-02 9.042513465843208920e+00
3.291457286432160600e+01 0.000000000000000000e+00 3.600633413871671152e-33 5.977058167668783963e-19 4.211518993313023013e-02 9.042488474006358246e+00
3.316582914572863672e+01 0.000000000000000000e+00 1.611377942371880379e-33 3.802532131367006917e-19 4.005114351712895510e-02 9.042463482238579431e+00
3.341708542713567454e+01 0.000000000000000000e+00 7.211339158158238059e-34 2.419124961555766586e-19 3.808825508270557991e-02 9.042438490539874252e+00
3.366834170854271235e+01 0.000000000000000000e+00 3.227263516927601351e-34 1.539018048354621229e-19 3.622156692292217983e-02 9.042413498910240932e+00
3.391959798994974307e+01 0.000000000000000000e+00 1.444285115325539208e-34 9.791046724754718406e-20 3.444636430581620584e-02 9.042388507349679472e+00
3.417085427135678088e+01 0.000000000000000000e+00 6.463554907771275606e-35 6.228945532433400321e-20 3.275816356630664034e-02 9.042363515858189871e+00
3.442211055276381870e+01 0.000000000000000000e+00 2.892610441142541538e-35 3.962779826994851709e-20 3.115270078171092361e-02 9.042338524435772129e+00
3.467336683417084942e+01 0.000000000000000000e+00 1.294519081774485135e-35 2.521072607790611041e-20 2.962592100226920516e-02 9.042313533082426247e+00
3.492462311557788723e+01 0.000000000000000000e+00 5.793312605261522921e-36 1.603875908132891485e-20 2.817396800947576802e-02 9.042288541798152224e+00
3.517587939698492505e+01 0.000000000000000000e+00 2.592659421928002534e-36 1.020366458601719542e-20 2.679317457635037661e-02 9.042263550582950060e+00
3.542713567839195576e+01 0.000000000000000000e+00 1.160283129207863147e-36 6.491448026371638679e-21 2.548005320504893867e-02 9.042238559436817980e+00
3.567839195979899358e+01 0.000000000000000000e+00 5.192571490640413583e-37 4.129780739444299430e-21 2.423128731841968711e-02 9.042213568359757758e+00
3.592964824120602430e+01 0.000000000000000000e+00 2.323812008179416922e-37 2.627316568907072652e-21 2.304372288325761201e-02 9.042188577351767620e+00
3.618090452261306211e+01 0.000000000000000000e+00 1.039966856323960255e-37 1.671467031487579748e-21 2.191436044409881753e-02 9.042163586412847565e+00
3.643216080402009993e+01 0.000000000000000000e+00 4.654124595473033329e-38 1.063367113964528729e-21 2.084034754743557816e-02 9.042138595542999369e+00
3.668341708542713064e+01 0.000000000000000000e+00 2.082842892393095477e-38 6.765012996127813588e-22 1.981897153721682778e-02 9.042113604742221256e+00
3.693467336683416846e+01 0.000000000000000000e+00 9.321268533747557550e-39 4.303819465241074980e-22 1.884765270343792889e-02 9.042088614010513226e+00
3.718592964824119917e+01 0.000000000000000000e+00 4.171512282350113066e-39 2.738037901773492846e-22 1.792393776651525494e-02 9.042063623347873502e+00
3.743718592964823699e+01 0.000000000000000000e+00 1.866861217311296822e-39 1.741906604608975148e-22 1.704549368098819823e-02 9.042038632754303862e+00
3.768844221105527481e+01 0.000000000000000000e+00 8.354693858740287866e-40 1.108179918625311805e-22 1.621010174289936115e-02 9.042013642229804304e+00
3.793969849246230552e+01 0.000000000000000000e+00 3.738944749937191105e-40 7.050106640591645655e-23 1.541565198596909006e-02 9.041988651774373054e+00
3.819095477386934334e+01 0.000000000000000000e+00 1.673275894898010385e-40 4.485192594481517222e-23 1.466013785241099786e-02 9.041963661388011886e+00
3.844221105527638116e+01 0.000000000000000000e+00 7.488348739290064922e-41 2.853425293422742613e-23 1.394165112492859807e-02 9.041938671070719025e+00
3.869346733668341187e+01 0.000000000000000000e+00 3.351232573911327188e-41 1.815314667905800029e-23 1.325837710709229164e-02 9.041913680822494470e+00
3.894472361809044969e+01 0.000000000000000000e+00 1.499764521585144375e-41 1.154881240840562524e-23 1.260859003992391078e-02 9.041888690643338222e+00
3.919597989949748751e+01 0.000000000000000000e+00 6.711839809972653352e-42 7.347214805376364364e-24 1.199064874311255371e-02 9.041863700533250281e+00
3.944723618090451822e+01 0.000000000000000000e+00 3.003724450497162053e-42 4.674209216269950487e-24 1.140299246985228623e-02 9.041838710492230646e+00
3.969849246231155604e+01 0.000000000000000000e+00 1.344245516871332199e-42 2.973675382605542767e-24 1.084413696483237793e-02 9.041813720520279318e+00
3.994974874371858675e+01 0.000000000000000000e+00 6.015851451785568514e-43 1.891816320573451225e-24 1.031267071542383250e-02 9.041788730617394521e+00
4.020100502512562457e+01 0.000000000000000000e+00 2.692251395725782860e-43 1.203550667205686425e-24 9.807251386593314121e-03 9.041763740783578029e+00
4.045226130653266239e+01 0.000000000000000000e+00 1.204853151025874916e-43 7.656843810778470595e-25 9.326602430540570018e-03 9.041738751018828069e+00
4.070351758793969310e+01 0.000000000000000000e+00 5.392034034569302175e-44 4.871191445456441159e-25 8.869509862495839753e-03 9.041713761323146414e+00
4.095477386934673092e+01 0.000000000000000000e+00 2.413076730985672147e-44 3.098993094894440084e-25 8.434819194533978853e-03 9.041688771696531290e+00
4.120603015075376163e+01 0.000000000000000000e+00 1.079915162310311246e-44 1.971541933783234609e-25 8.021432519661095620e-03 9.041663782138982697e+00
4.145728643216079945e+01 0.000000000000000000e+00 4.832903748200801777e-45 1.254271138283413124e-25 7.628305738808596921e-03 9.041638792650500633e+00
4.170854271356783727e+01 0.000000000000000000e+00 2.162851254852720419e-45 7.979521314628742109e-26 7.254445923731180947e-03 9.041613803231085100e+00
4.195979899497486798e+01 0.000000000000000000e+00 9.679326951958431227e-46 5.076474971572520206e-26 6.898908809147888919e-03 9.041588813880736097e+00
4.221105527638190580e+01 0.000000000000000000e+00 4.331752820851591054e-46 3.229591991910219311e-26 6.560796407792196527e-03 9.041563824599451848e+00
4.246231155778894362e+01 0.000000000000000000e+00 1.938573063404904942e-46 2.054627372855868920e-26 6.239254742347511221e-03 9.041538835387234130e+00
4.271356783919597433e+01 0.000000000000000000e+00 8.675623188998939377e-47 1.307129089947910065e-26 5.933471688539395696e-03 9.041513846244081165e+00
4.296482412060301215e+01 0.000000000000000000e+00 3.882569047219536909e-47 8.315797211506762383e-27 5.642674923936870021e-03 9.041488857169994731e+00
4.321608040201004997e+01 0.000000000000000000e+00 1.737551536994153185e-47 5.290409630900297156e-27 5.366129977282111871e-03 9.041463868164973050e+00
4.346733668341708068e+01 0.000000000000000000e+00 7.775999105213340411e-48 3.365694635265362962e-27 5.103138373421549009e-03 9.041438879229016123e+00
4.371859296482411850e+01 0.000000000000000000e+00 3.479963661329992078e-48 2.141214228798039387e-27 4.853035869153043275e-03 9.041413890362123951e+00
4.396984924623114921e+01 0.000000000000000000e+00 1.557375061432092236e-48 1.362214600685471740e-27 4.615190775533481969e-03 9.041388901564296532e+00
4.422110552763818703e+01 0.000000000000000000e+00 6.969662094240370082e-49 8.666244569849996727e-28 4.389002362409203696e-03 9.041363912835533867e+00
4.447236180904522485e+01 0.000000000000000000e+00 3.119106688611192470e-49 5.513360002650245230e-28 4.173899341139775294e-03 9.041338924175834180e+00
4.472361809045225556e+01 0.000000000000000000e+00 1.395882096347119186e-49 3.507532965844978479e-28 3.969338421682720199e-03 9.041313935585199246e+00
4.497487437185929338e+01 0.000000000000000000e+00 6.246938695674957258e-50 2.231450059596185202e-28 3.774802940394872061e-03 9.041288947063629067e+00
4.522613065326632409e+01 0.000000000000000000e+00 2.795669001676035585e-50 1.419621545102807777e-28 3.589801555084628538e-03 9.041263958611121865e+00
4.547738693467336191e+01 0.000000000000000000e+00 1.251135243626340741e-50 9.031460608554965204e-29 3.413867004019011803e-03 9.041238970227677640e+00
4.572864321608039972e+01 0.000000000000000000e+00 5.599158544539801775e-51 5.745706030262663934e-29 3.246554925751318071e-03 9.041213981913296394e+00
4.597989949748743044e+01 0.000000000000000000e+00 2.505770384664891417e-51 3.655348699071529672e-29 3.087442736788425981e-03 9.041188993667978124e+00
4.623115577889446826e+01 0.000000000000000000e+00 1.121398004846022748e-51 2.325488641679242537e-29 2.936128564263124595e-03 9.041164005491722833e+00
4.648241206030150607e+01 0.000000000000000000e+00 5.018550354687891438e-52 1.479447753904515713e-29 2.792230230915728958e-03 9.041139017384530518e+00
4.673366834170853679e+01 0.000000000000000000e+00 2.245932983088975898e-52 9.412067714734697778e-30 2.655384289821247946e-03 9.041114029346401182e+00
4.698492462311557460e+01 0.000000000000000000e+00 1.005113948854765546e-52 5.987843668892923735e-30 2.525245106424136611e-03 9.041089041377334823e+00
4.723618090452261242e+01 0.000000000000000000e+00 4.498148688270087771e-53 3.809393736826903799e-30 2.401483985562149950e-03 9.041064053477329665e+00
4.748743718592964314e+01 0.000000000000000000e+00 2.013039580720215446e-53 2.423490231978487322e-30 2.283788341274321874e-03 9.041039065646385708e+00
4.773869346733668095e+01 0.000000000000000000e+00 9.008880395869229674e-54 1.541795180612474907e-30 2.171860907296285260e-03 9.041014077884504729e+00
4.798994974874371167e+01 0.000000000000000000e+00 4.031710392800213722e-54 9.808714504366880122e-31 2.065418986248893172e-03 9.040989090191684951e+00
4.824120603015074948e+01 0.000000000000000000e+00 1.804296202985003292e-54 6.240185560182930283e-31 1.964193735623713782e-03 9.040964102567926375e+00
4.849246231155778730e+01 0.000000000000000000e+00 8.074699000998957514e-55 3.969930596734092157e-31 1.867929488762104734e-03 9.040939115013228999e+00
4.874371859296481801e+01 0.000000000000000000e+00 3.613639703329629916e-55 2.525621841031229309e-31 1.776383109112761880e-03 9.040914127527592825e+00
4.899497487437185583e+01 0.000000000000000000e+00 1.617198598221982722e-55 1.606770075311003578e-31 1.689323376136817175e-03 9.040889140111017852e+00
4.924623115577888655e+01 0.000000000000000000e+00 7.237388120573899824e-56 1.022207692764024630e-31 1.606530401309475345e-03 9.040864152763502304e+00
4.949748743718592436e+01 0.000000000000000000e+00 3.238921111198809317e-56 6.503161735469131058e-32 1.527795072743107089e-03 9.040839165485047957e+00
4.974874371859296218e+01 0.000000000000000000e+00 1.449502194686425110e-56 4.137232859529333509e-32 1.452918527029152399e-03 9.040814178275653035e+00
5.000000000000000000e+01 0.000000000000000000e+00 6.486902707003898661e-57 2.632057517593707414e-32 1.381711646964784790e-03 9.040789191135319314e+00
